name;image;parent
БАД и продукты функционального питания;"""0706.300x300.gif""";null
Парфюмерно-косметическая продукция;"""0706.300x300.gif""";null
Продукция оздоровительно-бытового назначения;"""0706.300x300.gif""";null
Фильтры для воды;"""0706.300x300.gif""";null
Аппликаторы Ляпко;"""0706.300x300.gif""";null
Литовиты;"""0706.300x300.gif""";1
Нутриконы;"""0706.300x300.gif""";1
Природная аптека Сибири;"""0706.300x300.gif""";1
Nutricare (США);"""0706.300x300.gif""";1
Кедровая сила;"""0706.300x300.gif""";1
Пантогематоген;"""0706.300x300.gif""";1
Хитозаны-Лептины;"""0706.300x300.gif""";1
Ad Medicine (США);"""0706.300x300.gif""";1
ЭМ-Курунга;"""0706.300x300.gif""";1
ФитоЛайн;"""0706.300x300.gif""";1
Фруктовый бар;"""0706.300x300.gif""";1
Косметика АРГО;"""0706.300x300.gif""";2
Косметика КИЯ;"""0706.300x300.gif""";2
L'amour sucre;"""0706.300x300.gif""";2
Природная косметика Сибири;"""0706.300x300.gif""";2
Целебные крема ДОН;"""0706.300x300.gif""";2
Рициниол;"""0706.300x300.gif""";2
АргоВасна;"""0706.300x300.gif""";2
Восточный ветер;"""0706.300x300.gif""";2
Хвойный дар;"""0706.300x300.gif""";2
Шунгит;"""0706.300x300.gif""";2
Средства гигиены;"""0706.300x300.gif""";2
Специальные косметические средства;"""0706.300x300.gif""";17
Уход за сухой нормальной кожей лица и шеи;"""0706.300x300.gif""";17
Уход за комбинированной и жирной кожей лица;"""0706.300x300.gif""";17
Уход за кожей тела;"""0706.300x300.gif""";17
Уход за волосами;"""0706.300x300.gif""";17
Средства для мужчин;"""0706.300x300.gif""";17
Средства для детей;"""0706.300x300.gif""";17
Линия «Амарант»;"""0706.300x300.gif""";17
Изделия из Шунгита;"""0706.300x300.gif""";3
ЭМ-препараты;"""0706.300x300.gif""";3
Бытовые средства от «Алтом-Консульт»;"""0706.300x300.gif""";3
Супинаторы Быкова;"""0706.300x300.gif""";3
Бытовые средства от НПФ «Новь»;"""0706.300x300.gif""";3
Бытовые приборы и средства АМД «ДОН»;"""0706.300x300.gif""";3
Полимедэл;"""0706.300x300.gif""";3
Биофильтры;"""0706.300x300.gif""";3
Удобные вещи АРГО;"""0706.300x300.gif""";3
  ;;
